<ImportExportXml xmlns:xsi="http://www.w3.org/2001/XMLSchema-instance" OrganizationVersion="9.2.25081.240" OrganizationSchemaType="Standard" CRMServerServiceabilityVersion="9.2.25082.00171">
  <Entities>
    <Entity>
      <Name LocalizedName="Test Table" OriginalName="Test Table">crc57_TestTable</Name>
      <EntityInfo>
        <entity Name="crc57_TestTable">
          <LocalizedNames>
            <LocalizedName description="Test Table" languagecode="1033" />
          </LocalizedNames>
          <LocalizedCollectionNames>
            <LocalizedCollectionName description="Test Tables" languagecode="1033" />
          </LocalizedCollectionNames>
          <Descriptions>
            <Description description="" languagecode="1033" />
          </Descriptions>
          <attributes>
            <attribute PhysicalName="crc57_Name">
              <Type>nvarchar</Type>
              <Name>crc57_name</Name>
              <LogicalName>crc57_name</LogicalName>
              <RequiredLevel>required</RequiredLevel>
              <DisplayMask>PrimaryName|ValidForAdvancedFind|ValidForForm|ValidForGrid|RequiredForForm</DisplayMask>
              <ImeMode>auto</ImeMode>
              <ValidForUpdateApi>1</ValidForUpdateApi>
              <ValidForReadApi>1</ValidForReadApi>
              <ValidForCreateApi>1</ValidForCreateApi>
              <IsCustomField>1</IsCustomField>
              <IsAuditEnabled>1</IsAuditEnabled>
              <IsSecured>0</IsSecured>
              <IntroducedVersion>1.0</IntroducedVersion>
              <IsCustomizable>1</IsCustomizable>
              <IsRenameable>1</IsRenameable>
              <CanModifySearchSettings>1</CanModifySearchSettings>
              <CanModifyRequirementLevelSettings>1</CanModifyRequirementLevelSettings>
              <CanModifyAdditionalSettings>1</CanModifyAdditionalSettings>
              <SourceType>0</SourceType>
              <IsGlobalFilterEnabled>0</IsGlobalFilterEnabled>
              <IsSortableEnabled>0</IsSortableEnabled>
              <CanModifyGlobalFilterSettings>1</CanModifyGlobalFilterSettings>
              <CanModifyIsSortableSettings>1</CanModifyIsSortableSettings>
              <IsDataSourceSecret>0</IsDataSourceSecret>
              <AutoNumberFormat></AutoNumberFormat>
              <IsSearchable>1</IsSearchable>
              <IsFilterable>0</IsFilterable>
              <IsRetrievable>1</IsRetrievable>
              <IsLocalizable>0</IsLocalizable>
              <Format>text</Format>
              <MaxLength>850</MaxLength>
              <Length>1700</Length>
              <displaynames>
                <displayname description="Name" languagecode="1033" />
              </displaynames>
              <Descriptions>
                <Description description="" languagecode="1033" />
              </Descriptions>
            </attribute>
            <attribute PhysicalName="crc57_TestTableId">
              <Type>primarykey</Type>
              <Name>crc57_testtableid</Name>
              <LogicalName>crc57_testtableid</LogicalName>
              <RequiredLevel>systemrequired</RequiredLevel>
              <DisplayMask>ValidForAdvancedFind|RequiredForGrid</DisplayMask>
              <ImeMode>auto</ImeMode>
              <ValidForUpdateApi>0</ValidForUpdateApi>
              <ValidForReadApi>1</ValidForReadApi>
              <ValidForCreateApi>1</ValidForCreateApi>
              <IsCustomField>0</IsCustomField>
              <IsAuditEnabled>0</IsAuditEnabled>
              <IsSecured>0</IsSecured>
              <IntroducedVersion>1.0</IntroducedVersion>
              <IsCustomizable>1</IsCustomizable>
              <IsRenameable>1</IsRenameable>
              <CanModifySearchSettings>1</CanModifySearchSettings>
              <CanModifyRequirementLevelSettings>0</CanModifyRequirementLevelSettings>
              <CanModifyAdditionalSettings>1</CanModifyAdditionalSettings>
              <SourceType>0</SourceType>
              <IsGlobalFilterEnabled>0</IsGlobalFilterEnabled>
              <IsSortableEnabled>0</IsSortableEnabled>
              <CanModifyGlobalFilterSettings>1</CanModifyGlobalFilterSettings>
              <CanModifyIsSortableSettings>1</CanModifyIsSortableSettings>
              <IsDataSourceSecret>0</IsDataSourceSecret>
              <AutoNumberFormat></AutoNumberFormat>
              <IsSearchable>0</IsSearchable>
              <IsFilterable>1</IsFilterable>
              <IsRetrievable>1</IsRetrievable>
              <IsLocalizable>0</IsLocalizable>
              <displaynames>
                <displayname description="Test Table" languagecode="1033" />
              </displaynames>
              <Descriptions>
                <Description description="Unique identifier for entity instances" languagecode="1033" />
              </Descriptions>
            </attribute>
            <attribute PhysicalName="CreatedBy">
              <Type>lookup</Type>
              <Name>createdby</Name>
              <LogicalName>createdby</LogicalName>
              <RequiredLevel>none</RequiredLevel>
              <DisplayMask>ValidForAdvancedFind|ValidForForm|ValidForGrid</DisplayMask>
              <ImeMode>auto</ImeMode>
              <ValidForUpdateApi>0</ValidForUpdateApi>
              <ValidForReadApi>1</ValidForReadApi>
              <ValidForCreateApi>0</ValidForCreateApi>
              <IsCustomField>0</IsCustomField>
              <IsAuditEnabled>0</IsAuditEnabled>
              <IsSecured>0</IsSecured>
              <IntroducedVersion>1.0</IntroducedVersion>
              <IsCustomizable>1</IsCustomizable>
              <IsRenameable>1</IsRenameable>
              <CanModifySearchSettings>1</CanModifySearchSettings>
              <CanModifyRequirementLevelSettings>1</CanModifyRequirementLevelSettings>
              <CanModifyAdditionalSettings>1</CanModifyAdditionalSettings>
              <SourceType>0</SourceType>
              <IsGlobalFilterEnabled>0</IsGlobalFilterEnabled>
              <IsSortableEnabled>0</IsSortableEnabled>
              <CanModifyGlobalFilterSettings>1</CanModifyGlobalFilterSettings>
              <CanModifyIsSortableSettings>1</CanModifyIsSortableSettings>
              <IsDataSourceSecret>0</IsDataSourceSecret>
              <AutoNumberFormat></AutoNumberFormat>
              <IsSearchable>0</IsSearchable>
              <IsFilterable>0</IsFilterable>
              <IsRetrievable>0</IsRetrievable>
              <IsLocalizable>0</IsLocalizable>
              <LookupStyle>single</LookupStyle>
              <LookupTypes />
              <displaynames>
                <displayname description="Created By" languagecode="1033" />
              </displaynames>
              <Descriptions>
                <Description description="Unique identifier of the user who created the record." languagecode="1033" />
              </Descriptions>
            </attribute>
            <attribute PhysicalName="CreatedOn">
              <Type>datetime</Type>
              <Name>createdon</Name>
              <LogicalName>createdon</LogicalName>
              <RequiredLevel>none</RequiredLevel>
              <DisplayMask>ValidForAdvancedFind|ValidForForm|ValidForGrid</DisplayMask>
              <ImeMode>inactive</ImeMode>
              <ValidForUpdateApi>0</ValidForUpdateApi>
              <ValidForReadApi>1</ValidForReadApi>
              <ValidForCreateApi>0</ValidForCreateApi>
              <IsCustomField>0</IsCustomField>
              <IsAuditEnabled>0</IsAuditEnabled>
              <IsSecured>0</IsSecured>
              <IntroducedVersion>1.0</IntroducedVersion>
              <IsCustomizable>1</IsCustomizable>
              <IsRenameable>1</IsRenameable>
              <CanModifySearchSettings>1</CanModifySearchSettings>
              <CanModifyRequirementLevelSettings>1</CanModifyRequirementLevelSettings>
              <CanModifyAdditionalSettings>1</CanModifyAdditionalSettings>
              <SourceType>0</SourceType>
              <IsGlobalFilterEnabled>0</IsGlobalFilterEnabled>
              <IsSortableEnabled>0</IsSortableEnabled>
              <CanModifyGlobalFilterSettings>1</CanModifyGlobalFilterSettings>
              <CanModifyIsSortableSettings>1</CanModifyIsSortableSettings>
              <IsDataSourceSecret>0</IsDataSourceSecret>
              <AutoNumberFormat></AutoNumberFormat>
              <IsSearchable>0</IsSearchable>
              <IsFilterable>1</IsFilterable>
              <IsRetrievable>1</IsRetrievable>
              <IsLocalizable>0</IsLocalizable>
              <Format>datetime</Format>
              <CanChangeDateTimeBehavior>0</CanChangeDateTimeBehavior>
              <Behavior>1</Behavior>
              <displaynames>
                <displayname description="Created On" languagecode="1033" />
              </displaynames>
              <Descriptions>
                <Description description="Date and time when the record was created." languagecode="1033" />
              </Descriptions>
            </attribute>
            <attribute PhysicalName="CreatedOnBehalfBy">
              <Type>lookup</Type>
              <Name>createdonbehalfby</Name>
              <LogicalName>createdonbehalfby</LogicalName>
              <RequiredLevel>none</RequiredLevel>
              <DisplayMask>ValidForAdvancedFind|ValidForForm|ValidForGrid</DisplayMask>
              <ImeMode>auto</ImeMode>
              <ValidForUpdateApi>0</ValidForUpdateApi>
              <ValidForReadApi>1</ValidForReadApi>
              <ValidForCreateApi>0</ValidForCreateApi>
              <IsCustomField>0</IsCustomField>
              <IsAuditEnabled>0</IsAuditEnabled>
              <IsSecured>0</IsSecured>
              <IntroducedVersion>1.0</IntroducedVersion>
              <IsCustomizable>1</IsCustomizable>
              <IsRenameable>1</IsRenameable>
              <CanModifySearchSettings>1</CanModifySearchSettings>
              <CanModifyRequirementLevelSettings>1</CanModifyRequirementLevelSettings>
              <CanModifyAdditionalSettings>1</CanModifyAdditionalSettings>
              <SourceType>0</SourceType>
              <IsGlobalFilterEnabled>0</IsGlobalFilterEnabled>
              <IsSortableEnabled>0</IsSortableEnabled>
              <CanModifyGlobalFilterSettings>1</CanModifyGlobalFilterSettings>
              <CanModifyIsSortableSettings>1</CanModifyIsSortableSettings>
              <IsDataSourceSecret>0</IsDataSourceSecret>
              <AutoNumberFormat></AutoNumberFormat>
              <IsSearchable>0</IsSearchable>
              <IsFilterable>0</IsFilterable>
              <IsRetrievable>0</IsRetrievable>
              <IsLocalizable>0</IsLocalizable>
              <LookupStyle>single</LookupStyle>
              <LookupTypes />
              <displaynames>
                <displayname description="Created By (Delegate)" languagecode="1033" />
              </displaynames>
              <Descriptions>
                <Description description="Unique identifier of the delegate user who created the record." languagecode="1033" />
              </Descriptions>
            </attribute>
            <attribute PhysicalName="ImportSequenceNumber">
              <Type>int</Type>
              <Name>importsequencenumber</Name>
              <LogicalName>importsequencenumber</LogicalName>
              <RequiredLevel>none</RequiredLevel>
              <DisplayMask>ValidForAdvancedFind</DisplayMask>
              <ImeMode>disabled</ImeMode>
              <ValidForUpdateApi>0</ValidForUpdateApi>
              <ValidForReadApi>1</ValidForReadApi>
              <ValidForCreateApi>1</ValidForCreateApi>
              <IsCustomField>0</IsCustomField>
              <IsAuditEnabled>1</IsAuditEnabled>
              <IsSecured>0</IsSecured>
              <IntroducedVersion>1.0</IntroducedVersion>
              <IsCustomizable>1</IsCustomizable>
              <IsRenameable>1</IsRenameable>
              <CanModifySearchSettings>1</CanModifySearchSettings>
              <CanModifyRequirementLevelSettings>1</CanModifyRequirementLevelSettings>
              <CanModifyAdditionalSettings>1</CanModifyAdditionalSettings>
              <SourceType>0</SourceType>
              <IsGlobalFilterEnabled>0</IsGlobalFilterEnabled>
              <IsSortableEnabled>0</IsSortableEnabled>
              <CanModifyGlobalFilterSettings>1</CanModifyGlobalFilterSettings>
              <CanModifyIsSortableSettings>1</CanModifyIsSortableSettings>
              <IsDataSourceSecret>0</IsDataSourceSecret>
              <AutoNumberFormat></AutoNumberFormat>
              <IsSearchable>0</IsSearchable>
              <IsFilterable>0</IsFilterable>
              <IsRetrievable>0</IsRetrievable>
              <IsLocalizable>0</IsLocalizable>
              <Format></Format>
              <MinValue>-2147483648</MinValue>
              <MaxValue>2147483647</MaxValue>
              <displaynames>
                <displayname description="Import Sequence Number" languagecode="1033" />
              </displaynames>
              <Descriptions>
                <Description description="Sequence number of the import that created this record." languagecode="1033" />
              </Descriptions>
            </attribute>
            <attribute PhysicalName="ModifiedBy">
              <Type>lookup</Type>
              <Name>modifiedby</Name>
              <LogicalName>modifiedby</LogicalName>
              <RequiredLevel>none</RequiredLevel>
              <DisplayMask>ValidForAdvancedFind|ValidForForm|ValidForGrid</DisplayMask>
              <ImeMode>auto</ImeMode>
              <ValidForUpdateApi>0</ValidForUpdateApi>
              <ValidForReadApi>1</ValidForReadApi>
              <ValidForCreateApi>0</ValidForCreateApi>
              <IsCustomField>0</IsCustomField>
              <IsAuditEnabled>0</IsAuditEnabled>
              <IsSecured>0</IsSecured>
              <IntroducedVersion>1.0</IntroducedVersion>
              <IsCustomizable>1</IsCustomizable>
              <IsRenameable>1</IsRenameable>
              <CanModifySearchSettings>1</CanModifySearchSettings>
              <CanModifyRequirementLevelSettings>1</CanModifyRequirementLevelSettings>
              <CanModifyAdditionalSettings>1</CanModifyAdditionalSettings>
              <SourceType>0</SourceType>
              <IsGlobalFilterEnabled>0</IsGlobalFilterEnabled>
              <IsSortableEnabled>0</IsSortableEnabled>
              <CanModifyGlobalFilterSettings>1</CanModifyGlobalFilterSettings>
              <CanModifyIsSortableSettings>1</CanModifyIsSortableSettings>
              <IsDataSourceSecret>0</IsDataSourceSecret>
              <AutoNumberFormat></AutoNumberFormat>
              <IsSearchable>0</IsSearchable>
              <IsFilterable>0</IsFilterable>
              <IsRetrievable>0</IsRetrievable>
              <IsLocalizable>0</IsLocalizable>
              <LookupStyle>single</LookupStyle>
              <LookupTypes />
              <displaynames>
                <displayname description="Modified By" languagecode="1033" />
              </displaynames>
              <Descriptions>
                <Description description="Unique identifier of the user who modified the record." languagecode="1033" />
              </Descriptions>
            </attribute>
            <attribute PhysicalName="ModifiedOn">
              <Type>datetime</Type>
              <Name>modifiedon</Name>
              <LogicalName>modifiedon</LogicalName>
              <RequiredLevel>none</RequiredLevel>
              <DisplayMask>ValidForAdvancedFind|ValidForForm|ValidForGrid</DisplayMask>
              <ImeMode>inactive</ImeMode>
              <ValidForUpdateApi>0</ValidForUpdateApi>
              <ValidForReadApi>1</ValidForReadApi>
              <ValidForCreateApi>0</ValidForCreateApi>
              <IsCustomField>0</IsCustomField>
              <IsAuditEnabled>0</IsAuditEnabled>
              <IsSecured>0</IsSecured>
              <IntroducedVersion>1.0</IntroducedVersion>
              <IsCustomizable>1</IsCustomizable>
              <IsRenameable>1</IsRenameable>
              <CanModifySearchSettings>1</CanModifySearchSettings>
              <CanModifyRequirementLevelSettings>1</CanModifyRequirementLevelSettings>
              <CanModifyAdditionalSettings>1</CanModifyAdditionalSettings>
              <SourceType>0</SourceType>
              <IsGlobalFilterEnabled>0</IsGlobalFilterEnabled>
              <IsSortableEnabled>0</IsSortableEnabled>
              <CanModifyGlobalFilterSettings>1</CanModifyGlobalFilterSettings>
              <CanModifyIsSortableSettings>1</CanModifyIsSortableSettings>
              <IsDataSourceSecret>0</IsDataSourceSecret>
              <AutoNumberFormat></AutoNumberFormat>
              <IsSearchable>0</IsSearchable>
              <IsFilterable>1</IsFilterable>
              <IsRetrievable>1</IsRetrievable>
              <IsLocalizable>0</IsLocalizable>
              <Format>datetime</Format>
              <CanChangeDateTimeBehavior>0</CanChangeDateTimeBehavior>
              <Behavior>1</Behavior>
              <displaynames>
                <displayname description="Modified On" languagecode="1033" />
              </displaynames>
              <Descriptions>
                <Description description="Date and time when the record was modified." languagecode="1033" />
              </Descriptions>
            </attribute>
            <attribute PhysicalName="ModifiedOnBehalfBy">
              <Type>lookup</Type>
              <Name>modifiedonbehalfby</Name>
              <LogicalName>modifiedonbehalfby</LogicalName>
              <RequiredLevel>none</RequiredLevel>
              <DisplayMask>ValidForAdvancedFind|ValidForForm|ValidForGrid</DisplayMask>
              <ImeMode>auto</ImeMode>
              <ValidForUpdateApi>0</ValidForUpdateApi>
              <ValidForReadApi>1</ValidForReadApi>
              <ValidForCreateApi>0</ValidForCreateApi>
              <IsCustomField>0</IsCustomField>
              <IsAuditEnabled>0</IsAuditEnabled>
              <IsSecured>0</IsSecured>
              <IntroducedVersion>1.0</IntroducedVersion>
              <IsCustomizable>1</IsCustomizable>
              <IsRenameable>1</IsRenameable>
              <CanModifySearchSettings>1</CanModifySearchSettings>
              <CanModifyRequirementLevelSettings>1</CanModifyRequirementLevelSettings>
              <CanModifyAdditionalSettings>1</CanModifyAdditionalSettings>
              <SourceType>0</SourceType>
              <IsGlobalFilterEnabled>0</IsGlobalFilterEnabled>
              <IsSortableEnabled>0</IsSortableEnabled>
              <CanModifyGlobalFilterSettings>1</CanModifyGlobalFilterSettings>
              <CanModifyIsSortableSettings>1</CanModifyIsSortableSettings>
              <IsDataSourceSecret>0</IsDataSourceSecret>
              <AutoNumberFormat></AutoNumberFormat>
              <IsSearchable>0</IsSearchable>
              <IsFilterable>0</IsFilterable>
              <IsRetrievable>0</IsRetrievable>
              <IsLocalizable>0</IsLocalizable>
              <LookupStyle>single</LookupStyle>
              <LookupTypes />
              <displaynames>
                <displayname description="Modified By (Delegate)" languagecode="1033" />
              </displaynames>
              <Descriptions>
                <Description description="Unique identifier of the delegate user who modified the record." languagecode="1033" />
              </Descriptions>
            </attribute>
            <attribute PhysicalName="OverriddenCreatedOn">
              <Type>datetime</Type>
              <Name>overriddencreatedon</Name>
              <LogicalName>overriddencreatedon</LogicalName>
              <RequiredLevel>none</RequiredLevel>
              <DisplayMask>ValidForAdvancedFind|ValidForGrid</DisplayMask>
              <ImeMode>inactive</ImeMode>
              <ValidForUpdateApi>0</ValidForUpdateApi>
              <ValidForReadApi>1</ValidForReadApi>
              <ValidForCreateApi>1</ValidForCreateApi>
              <IsCustomField>0</IsCustomField>
              <IsAuditEnabled>1</IsAuditEnabled>
              <IsSecured>0</IsSecured>
              <IntroducedVersion>1.0</IntroducedVersion>
              <IsCustomizable>1</IsCustomizable>
              <IsRenameable>1</IsRenameable>
              <CanModifySearchSettings>1</CanModifySearchSettings>
              <CanModifyRequirementLevelSettings>1</CanModifyRequirementLevelSettings>
              <CanModifyAdditionalSettings>1</CanModifyAdditionalSettings>
              <SourceType>0</SourceType>
              <IsGlobalFilterEnabled>0</IsGlobalFilterEnabled>
              <IsSortableEnabled>0</IsSortableEnabled>
              <CanModifyGlobalFilterSettings>1</CanModifyGlobalFilterSettings>
              <CanModifyIsSortableSettings>1</CanModifyIsSortableSettings>
              <IsDataSourceSecret>0</IsDataSourceSecret>
              <AutoNumberFormat></AutoNumberFormat>
              <IsSearchable>0</IsSearchable>
              <IsFilterable>0</IsFilterable>
              <IsRetrievable>0</IsRetrievable>
              <IsLocalizable>0</IsLocalizable>
              <Format>date</Format>
              <CanChangeDateTimeBehavior>0</CanChangeDateTimeBehavior>
              <Behavior>1</Behavior>
              <displaynames>
                <displayname description="Record Created On" languagecode="1033" />
              </displaynames>
              <Descriptions>
                <Description description="Date and time that the record was migrated." languagecode="1033" />
              </Descriptions>
            </attribute>
            <attribute PhysicalName="OwnerId">
              <Type>owner</Type>
              <Name>ownerid</Name>
              <LogicalName>ownerid</LogicalName>
              <RequiredLevel>systemrequired</RequiredLevel>
              <DisplayMask>ValidForAdvancedFind|ValidForForm|ValidForGrid|RequiredForForm</DisplayMask>
              <ImeMode>auto</ImeMode>
              <ValidForUpdateApi>1</ValidForUpdateApi>
              <ValidForReadApi>1</ValidForReadApi>
              <ValidForCreateApi>1</ValidForCreateApi>
              <IsCustomField>0</IsCustomField>
              <IsAuditEnabled>1</IsAuditEnabled>
              <IsSecured>0</IsSecured>
              <IntroducedVersion>1.0</IntroducedVersion>
              <IsCustomizable>1</IsCustomizable>
              <IsRenameable>1</IsRenameable>
              <CanModifySearchSettings>1</CanModifySearchSettings>
              <CanModifyRequirementLevelSettings>1</CanModifyRequirementLevelSettings>
              <CanModifyAdditionalSettings>1</CanModifyAdditionalSettings>
              <SourceType>0</SourceType>
              <IsGlobalFilterEnabled>0</IsGlobalFilterEnabled>
              <IsSortableEnabled>0</IsSortableEnabled>
              <CanModifyGlobalFilterSettings>1</CanModifyGlobalFilterSettings>
              <CanModifyIsSortableSettings>1</CanModifyIsSortableSettings>
              <IsDataSourceSecret>0</IsDataSourceSecret>
              <AutoNumberFormat></AutoNumberFormat>
              <IsSearchable>0</IsSearchable>
              <IsFilterable>1</IsFilterable>
              <IsRetrievable>0</IsRetrievable>
              <IsLocalizable>0</IsLocalizable>
              <LookupStyle>single</LookupStyle>
              <LookupTypes>
                <LookupType id="00000000-0000-0000-0000-000000000000">8</LookupType>
                <LookupType id="00000000-0000-0000-0000-000000000000">9</LookupType>
              </LookupTypes>
              <displaynames>
                <displayname description="Owner" languagecode="1033" />
              </displaynames>
              <Descriptions>
                <Description description="Owner Id" languagecode="1033" />
              </Descriptions>
            </attribute>
            <attribute PhysicalName="OwningBusinessUnit">
              <Type>lookup</Type>
              <Name>owningbusinessunit</Name>
              <LogicalName>owningbusinessunit</LogicalName>
              <RequiredLevel>none</RequiredLevel>
              <DisplayMask>ValidForAdvancedFind|ValidForForm|ValidForGrid</DisplayMask>
              <ImeMode>auto</ImeMode>
              <ValidForUpdateApi>0</ValidForUpdateApi>
              <ValidForReadApi>1</ValidForReadApi>
              <ValidForCreateApi>0</ValidForCreateApi>
              <IsCustomField>0</IsCustomField>
              <IsAuditEnabled>1</IsAuditEnabled>
              <IsSecured>0</IsSecured>
              <IntroducedVersion>1.0</IntroducedVersion>
              <IsCustomizable>1</IsCustomizable>
              <IsRenameable>1</IsRenameable>
              <CanModifySearchSettings>1</CanModifySearchSettings>
              <CanModifyRequirementLevelSettings>1</CanModifyRequirementLevelSettings>
              <CanModifyAdditionalSettings>1</CanModifyAdditionalSettings>
              <SourceType>0</SourceType>
              <IsGlobalFilterEnabled>0</IsGlobalFilterEnabled>
              <IsSortableEnabled>0</IsSortableEnabled>
              <CanModifyGlobalFilterSettings>1</CanModifyGlobalFilterSettings>
              <CanModifyIsSortableSettings>1</CanModifyIsSortableSettings>
              <IsDataSourceSecret>0</IsDataSourceSecret>
              <AutoNumberFormat></AutoNumberFormat>
              <IsSearchable>0</IsSearchable>
              <IsFilterable>1</IsFilterable>
              <IsRetrievable>0</IsRetrievable>
              <IsLocalizable>0</IsLocalizable>
              <LookupStyle>single</LookupStyle>
              <LookupTypes />
              <displaynames>
                <displayname description="Owning Business Unit" languagecode="1033" />
              </displaynames>
              <Descriptions>
                <Description description="Unique identifier for the business unit that owns the record" languagecode="1033" />
              </Descriptions>
            </attribute>
            <attribute PhysicalName="OwningTeam">
              <Type>lookup</Type>
              <Name>owningteam</Name>
              <LogicalName>owningteam</LogicalName>
              <RequiredLevel>none</RequiredLevel>
              <ImeMode>auto</ImeMode>
              <ValidForUpdateApi>0</ValidForUpdateApi>
              <ValidForReadApi>1</ValidForReadApi>
              <ValidForCreateApi>0</ValidForCreateApi>
              <IsCustomField>0</IsCustomField>
              <IsAuditEnabled>0</IsAuditEnabled>
              <IsLogical>1</IsLogical>
              <IsSecured>0</IsSecured>
              <IntroducedVersion>1.0</IntroducedVersion>
              <IsCustomizable>1</IsCustomizable>
              <IsRenameable>1</IsRenameable>
              <CanModifySearchSettings>1</CanModifySearchSettings>
              <CanModifyRequirementLevelSettings>1</CanModifyRequirementLevelSettings>
              <CanModifyAdditionalSettings>1</CanModifyAdditionalSettings>
              <SourceType>0</SourceType>
              <IsGlobalFilterEnabled>0</IsGlobalFilterEnabled>
              <IsSortableEnabled>0</IsSortableEnabled>
              <CanModifyGlobalFilterSettings>1</CanModifyGlobalFilterSettings>
              <CanModifyIsSortableSettings>1</CanModifyIsSortableSettings>
              <IsDataSourceSecret>0</IsDataSourceSecret>
              <AutoNumberFormat></AutoNumberFormat>
              <IsSearchable>0</IsSearchable>
              <IsFilterable>0</IsFilterable>
              <IsRetrievable>0</IsRetrievable>
              <IsLocalizable>0</IsLocalizable>
              <LookupStyle>single</LookupStyle>
              <LookupTypes />
              <displaynames>
                <displayname description="Owning Team" languagecode="1033" />
              </displaynames>
              <Descriptions>
                <Description description="Unique identifier for the team that owns the record." languagecode="1033" />
              </Descriptions>
            </attribute>
            <attribute PhysicalName="OwningUser">
              <Type>lookup</Type>
              <Name>owninguser</Name>
              <LogicalName>owninguser</LogicalName>
              <RequiredLevel>none</RequiredLevel>
              <ImeMode>auto</ImeMode>
              <ValidForUpdateApi>0</ValidForUpdateApi>
              <ValidForReadApi>1</ValidForReadApi>
              <ValidForCreateApi>0</ValidForCreateApi>
              <IsCustomField>0</IsCustomField>
              <IsAuditEnabled>0</IsAuditEnabled>
              <IsLogical>1</IsLogical>
              <IsSecured>0</IsSecured>
              <IntroducedVersion>1.0</IntroducedVersion>
              <IsCustomizable>1</IsCustomizable>
              <IsRenameable>1</IsRenameable>
              <CanModifySearchSettings>1</CanModifySearchSettings>
              <CanModifyRequirementLevelSettings>1</CanModifyRequirementLevelSettings>
              <CanModifyAdditionalSettings>1</CanModifyAdditionalSettings>
              <SourceType>0</SourceType>
              <IsGlobalFilterEnabled>0</IsGlobalFilterEnabled>
              <IsSortableEnabled>0</IsSortableEnabled>
              <CanModifyGlobalFilterSettings>1</CanModifyGlobalFilterSettings>
              <CanModifyIsSortableSettings>1</CanModifyIsSortableSettings>
              <IsDataSourceSecret>0</IsDataSourceSecret>
              <AutoNumberFormat></AutoNumberFormat>
              <IsSearchable>0</IsSearchable>
              <IsFilterable>0</IsFilterable>
              <IsRetrievable>0</IsRetrievable>
              <IsLocalizable>0</IsLocalizable>
              <LookupStyle>single</LookupStyle>
              <LookupTypes />
              <displaynames>
                <displayname description="Owning User" languagecode="1033" />
              </displaynames>
              <Descriptions>
                <Description description="Unique identifier for the user that owns the record." languagecode="1033" />
              </Descriptions>
            </attribute>
            <attribute PhysicalName="statecode">
              <Type>state</Type>
              <Name>statecode</Name>
              <LogicalName>statecode</LogicalName>
              <RequiredLevel>systemrequired</RequiredLevel>
              <DisplayMask>ValidForAdvancedFind|ValidForForm|ValidForGrid</DisplayMask>
              <ImeMode>auto</ImeMode>
              <ValidForUpdateApi>1</ValidForUpdateApi>
              <ValidForReadApi>1</ValidForReadApi>
              <ValidForCreateApi>0</ValidForCreateApi>
              <IsCustomField>0</IsCustomField>
              <IsAuditEnabled>1</IsAuditEnabled>
              <IsSecured>0</IsSecured>
              <IntroducedVersion>1.0</IntroducedVersion>
              <IsCustomizable>1</IsCustomizable>
              <IsRenameable>1</IsRenameable>
              <CanModifySearchSettings>1</CanModifySearchSettings>
              <CanModifyRequirementLevelSettings>1</CanModifyRequirementLevelSettings>
              <CanModifyAdditionalSettings>1</CanModifyAdditionalSettings>
              <SourceType>0</SourceType>
              <IsGlobalFilterEnabled>0</IsGlobalFilterEnabled>
              <IsSortableEnabled>0</IsSortableEnabled>
              <CanModifyGlobalFilterSettings>1</CanModifyGlobalFilterSettings>
              <CanModifyIsSortableSettings>1</CanModifyIsSortableSettings>
              <IsDataSourceSecret>0</IsDataSourceSecret>
              <AutoNumberFormat></AutoNumberFormat>
              <IsSearchable>0</IsSearchable>
              <IsFilterable>1</IsFilterable>
              <IsRetrievable>0</IsRetrievable>
              <IsLocalizable>0</IsLocalizable>
              <optionset Name="crc57_testtable_statecode">
                <OptionSetType>state</OptionSetType>
                <IntroducedVersion>1.0</IntroducedVersion>
                <IsCustomizable>1</IsCustomizable>
                <displaynames>
                  <displayname description="Status" languagecode="1033" />
                </displaynames>
                <Descriptions>
                  <Description description="Status of the Test Table" languagecode="1033" />
                </Descriptions>
                <states>
                  <state value="0" defaultstatus="1" invariantname="Active">
                    <labels>
                      <label description="Active" languagecode="1033" />
                    </labels>
                  </state>
                  <state value="1" defaultstatus="2" invariantname="Inactive">
                    <labels>
                      <label description="Inactive" languagecode="1033" />
                    </labels>
                  </state>
                </states>
              </optionset>
              <displaynames>
                <displayname description="Status" languagecode="1033" />
              </displaynames>
              <Descriptions>
                <Description description="Status of the Test Table" languagecode="1033" />
              </Descriptions>
            </attribute>
            <attribute PhysicalName="statuscode">
              <Type>status</Type>
              <Name>statuscode</Name>
              <LogicalName>statuscode</LogicalName>
              <RequiredLevel>none</RequiredLevel>
              <DisplayMask>ValidForAdvancedFind|ValidForForm|ValidForGrid</DisplayMask>
              <ImeMode>auto</ImeMode>
              <ValidForUpdateApi>1</ValidForUpdateApi>
              <ValidForReadApi>1</ValidForReadApi>
              <ValidForCreateApi>1</ValidForCreateApi>
              <IsCustomField>0</IsCustomField>
              <IsAuditEnabled>1</IsAuditEnabled>
              <IsSecured>0</IsSecured>
              <IntroducedVersion>1.0</IntroducedVersion>
              <IsCustomizable>1</IsCustomizable>
              <IsRenameable>1</IsRenameable>
              <CanModifySearchSettings>1</CanModifySearchSettings>
              <CanModifyRequirementLevelSettings>1</CanModifyRequirementLevelSettings>
              <CanModifyAdditionalSettings>1</CanModifyAdditionalSettings>
              <SourceType>0</SourceType>
              <IsGlobalFilterEnabled>0</IsGlobalFilterEnabled>
              <IsSortableEnabled>0</IsSortableEnabled>
              <CanModifyGlobalFilterSettings>1</CanModifyGlobalFilterSettings>
              <CanModifyIsSortableSettings>1</CanModifyIsSortableSettings>
              <IsDataSourceSecret>0</IsDataSourceSecret>
              <AutoNumberFormat></AutoNumberFormat>
              <IsSearchable>0</IsSearchable>
              <IsFilterable>0</IsFilterable>
              <IsRetrievable>0</IsRetrievable>
              <IsLocalizable>0</IsLocalizable>
              <optionset Name="crc57_testtable_statuscode">
                <OptionSetType>status</OptionSetType>
                <IntroducedVersion>1.0</IntroducedVersion>
                <IsCustomizable>1</IsCustomizable>
                <displaynames>
                  <displayname description="Status Reason" languagecode="1033" />
                </displaynames>
                <Descriptions>
                  <Description description="Reason for the status of the Test Table" languagecode="1033" />
                </Descriptions>
                <statuses>
                  <status value="1" state="0">
                    <labels>
                      <label description="Active" languagecode="1033" />
                    </labels>
                  </status>
                  <status value="2" state="1">
                    <labels>
                      <label description="Inactive" languagecode="1033" />
                    </labels>
                  </status>
                </statuses>
              </optionset>
              <displaynames>
                <displayname description="Status Reason" languagecode="1033" />
              </displaynames>
              <Descriptions>
                <Description description="Reason for the status of the Test Table" languagecode="1033" />
              </Descriptions>
            </attribute>
            <attribute PhysicalName="TimeZoneRuleVersionNumber">
              <Type>int</Type>
              <Name>timezoneruleversionnumber</Name>
              <LogicalName>timezoneruleversionnumber</LogicalName>
              <RequiredLevel>none</RequiredLevel>
              <ImeMode>auto</ImeMode>
              <ValidForUpdateApi>1</ValidForUpdateApi>
              <ValidForReadApi>1</ValidForReadApi>
              <ValidForCreateApi>1</ValidForCreateApi>
              <IsCustomField>0</IsCustomField>
              <IsAuditEnabled>0</IsAuditEnabled>
              <IsSecured>0</IsSecured>
              <IntroducedVersion>1.0</IntroducedVersion>
              <IsCustomizable>1</IsCustomizable>
              <IsRenameable>1</IsRenameable>
              <CanModifySearchSettings>1</CanModifySearchSettings>
              <CanModifyRequirementLevelSettings>1</CanModifyRequirementLevelSettings>
              <CanModifyAdditionalSettings>1</CanModifyAdditionalSettings>
              <SourceType>0</SourceType>
              <IsGlobalFilterEnabled>0</IsGlobalFilterEnabled>
              <IsSortableEnabled>0</IsSortableEnabled>
              <CanModifyGlobalFilterSettings>1</CanModifyGlobalFilterSettings>
              <CanModifyIsSortableSettings>1</CanModifyIsSortableSettings>
              <IsDataSourceSecret>0</IsDataSourceSecret>
              <AutoNumberFormat></AutoNumberFormat>
              <IsSearchable>0</IsSearchable>
              <IsFilterable>0</IsFilterable>
              <IsRetrievable>0</IsRetrievable>
              <IsLocalizable>0</IsLocalizable>
              <Format></Format>
              <MinValue>-1</MinValue>
              <MaxValue>2147483647</MaxValue>
              <displaynames>
                <displayname description="Time Zone Rule Version Number" languagecode="1033" />
              </displaynames>
              <Descriptions>
                <Description description="For internal use only." languagecode="1033" />
              </Descriptions>
            </attribute>
            <attribute PhysicalName="UTCConversionTimeZoneCode">
              <Type>int</Type>
              <Name>utcconversiontimezonecode</Name>
              <LogicalName>utcconversiontimezonecode</LogicalName>
              <RequiredLevel>none</RequiredLevel>
              <ImeMode>auto</ImeMode>
              <ValidForUpdateApi>1</ValidForUpdateApi>
              <ValidForReadApi>1</ValidForReadApi>
              <ValidForCreateApi>1</ValidForCreateApi>
              <IsCustomField>0</IsCustomField>
              <IsAuditEnabled>0</IsAuditEnabled>
              <IsSecured>0</IsSecured>
              <IntroducedVersion>1.0</IntroducedVersion>
              <IsCustomizable>1</IsCustomizable>
              <IsRenameable>1</IsRenameable>
              <CanModifySearchSettings>1</CanModifySearchSettings>
              <CanModifyRequirementLevelSettings>1</CanModifyRequirementLevelSettings>
              <CanModifyAdditionalSettings>1</CanModifyAdditionalSettings>
              <SourceType>0</SourceType>
              <IsGlobalFilterEnabled>0</IsGlobalFilterEnabled>
              <IsSortableEnabled>0</IsSortableEnabled>
              <CanModifyGlobalFilterSettings>1</CanModifyGlobalFilterSettings>
              <CanModifyIsSortableSettings>1</CanModifyIsSortableSettings>
              <IsDataSourceSecret>0</IsDataSourceSecret>
              <AutoNumberFormat></AutoNumberFormat>
              <IsSearchable>0</IsSearchable>
              <IsFilterable>0</IsFilterable>
              <IsRetrievable>0</IsRetrievable>
              <IsLocalizable>0</IsLocalizable>
              <Format></Format>
              <MinValue>-1</MinValue>
              <MaxValue>2147483647</MaxValue>
              <displaynames>
                <displayname description="UTC Conversion Time Zone Code" languagecode="1033" />
              </displaynames>
              <Descriptions>
                <Description description="Time zone code that was in use when the record was created." languagecode="1033" />
              </Descriptions>
            </attribute>
          </attributes>
          <EntitySetName>crc57_testtables</EntitySetName>
          <IsDuplicateCheckSupported>1</IsDuplicateCheckSupported>
          <IsBusinessProcessEnabled>0</IsBusinessProcessEnabled>
          <IsRequiredOffline>0</IsRequiredOffline>
          <IsInteractionCentricEnabled>0</IsInteractionCentricEnabled>
          <IsCollaboration>0</IsCollaboration>
          <AutoRouteToOwnerQueue>0</AutoRouteToOwnerQueue>
          <IsConnectionsEnabled>0</IsConnectionsEnabled>
          <IsDocumentManagementEnabled>0</IsDocumentManagementEnabled>
          <AutoCreateAccessTeams>0</AutoCreateAccessTeams>
          <IsOneNoteIntegrationEnabled>0</IsOneNoteIntegrationEnabled>
          <IsKnowledgeManagementEnabled>0</IsKnowledgeManagementEnabled>
          <IsSLAEnabled>0</IsSLAEnabled>
          <IsDocumentRecommendationsEnabled>0</IsDocumentRecommendationsEnabled>
          <IsBPFEntity>0</IsBPFEntity>
          <OwnershipTypeMask>UserOwned</OwnershipTypeMask>
          <IsAuditEnabled>0</IsAuditEnabled>
          <IsRetrieveAuditEnabled>0</IsRetrieveAuditEnabled>
          <IsRetrieveMultipleAuditEnabled>0</IsRetrieveMultipleAuditEnabled>
          <IsActivity>0</IsActivity>
          <ActivityTypeMask></ActivityTypeMask>
          <IsActivityParty>0</IsActivityParty>
          <IsReplicated>0</IsReplicated>
          <IsReplicationUserFiltered>0</IsReplicationUserFiltered>
          <IsMailMergeEnabled>1</IsMailMergeEnabled>
          <IsVisibleInMobile>0</IsVisibleInMobile>
          <IsVisibleInMobileClient>0</IsVisibleInMobileClient>
          <IsReadOnlyInMobileClient>0</IsReadOnlyInMobileClient>
          <IsOfflineInMobileClient>0</IsOfflineInMobileClient>
          <DaysSinceRecordLastModified>0</DaysSinceRecordLastModified>
          <MobileOfflineFilters></MobileOfflineFilters>
          <IsMapiGridEnabled>1</IsMapiGridEnabled>
          <IsReadingPaneEnabled>1</IsReadingPaneEnabled>
          <IsQuickCreateEnabled>0</IsQuickCreateEnabled>
          <SyncToExternalSearchIndex>0</SyncToExternalSearchIndex>
          <IntroducedVersion>1.0</IntroducedVersion>
          <IsCustomizable>1</IsCustomizable>
          <IsRenameable>1</IsRenameable>
          <IsMappable>1</IsMappable>
          <CanModifyAuditSettings>1</CanModifyAuditSettings>
          <CanModifyMobileVisibility>1</CanModifyMobileVisibility>
          <CanModifyMobileClientVisibility>1</CanModifyMobileClientVisibility>
          <CanModifyMobileClientReadOnly>1</CanModifyMobileClientReadOnly>
          <CanModifyMobileClientOffline>1</CanModifyMobileClientOffline>
          <CanModifyConnectionSettings>1</CanModifyConnectionSettings>
          <CanModifyDuplicateDetectionSettings>1</CanModifyDuplicateDetectionSettings>
          <CanModifyMailMergeSettings>1</CanModifyMailMergeSettings>
          <CanModifyQueueSettings>1</CanModifyQueueSettings>
          <CanCreateAttributes>1</CanCreateAttributes>
          <CanCreateForms>1</CanCreateForms>
          <CanCreateCharts>1</CanCreateCharts>
          <CanCreateViews>1</CanCreateViews>
          <CanModifyAdditionalSettings>1</CanModifyAdditionalSettings>
          <CanEnableSyncToExternalSearchIndex>1</CanEnableSyncToExternalSearchIndex>
          <EnforceStateTransitions>0</EnforceStateTransitions>
          <CanChangeHierarchicalRelationship>1</CanChangeHierarchicalRelationship>
          <EntityHelpUrlEnabled>0</EntityHelpUrlEnabled>
          <ChangeTrackingEnabled>0</ChangeTrackingEnabled>
          <CanChangeTrackingBeEnabled>1</CanChangeTrackingBeEnabled>
          <IsEnabledForExternalChannels>0</IsEnabledForExternalChannels>
          <IsMSTeamsIntegrationEnabled>0</IsMSTeamsIntegrationEnabled>
          <IsSolutionAware>0</IsSolutionAware>
        </entity>
      </EntityInfo>
      <FormXml>
        <forms type="card">
          <systemform>
            <formid>{049a3f4b-ea5a-454e-b32d-a5ce1a48452d}</formid>
            <IntroducedVersion>1.0</IntroducedVersion>
            <FormPresentation>1</FormPresentation>
            <FormActivationState>1</FormActivationState>
            <form>
              <tabs>
                <tab name="general" verticallayout="true" id="{c71bc1cc-5f1f-42b3-9622-dcdeebc3557b}" IsUserDefined="0">
                  <labels>
                    <label description="" languagecode="1033" />
                  </labels>
                  <columns>
                    <column width="25%">
                      <sections>
                        <section name="ColorStrip" showlabel="false" showbar="false" columns="1" IsUserDefined="0" id="{a2ab44bd-534d-491b-9739-daeefa567b42}">
                          <labels>
                            <label description="ColorStrip" languagecode="1033" />
                          </labels>
                        </section>
                      </sections>
                    </column>
                    <column width="75%">
                      <sections>
                        <section name="CardHeader" showlabel="false" showbar="false" columns="111" id="{569559bc-43e1-43a3-9402-24de7cb489a4}" IsUserDefined="0">
                          <labels>
                            <label description="Header" languagecode="1033" />
                          </labels>
                          <rows>
                            <row>
                              <cell id="{6f8cec3c-4693-4b52-bd75-1d027ead4a09}" showlabel="true" locklevel="0">
                                <labels>
                                  <label description="" languagecode="1033" />
                                </labels>
                                <control id="statuscode" classid="{5D68B988-0661-4db2-BC3E-17598AD3BE6C}" datafieldname="statuscode" disabled="false" />
                              </cell>
                              <cell id="{742746f8-3b04-470d-8ebf-5a98ffee8fee}" showlabel="true" locklevel="0">
                                <labels>
                                  <label description="" languagecode="1033" />
                                </labels>
                              </cell>
                              <cell id="{394a4fb6-54cb-4030-a3f6-13205a8e77a8}" showlabel="true" locklevel="0">
                                <labels>
                                  <label description="" languagecode="1033" />
                                </labels>
                              </cell>
                            </row>
                          </rows>
                        </section>
                        <section name="CardDetails" showlabel="false" showbar="false" columns="1" id="{d23512dc-f5cb-4da0-af4a-68454d94a0e2}" IsUserDefined="0">
                          <labels>
                            <label description="Details" languagecode="1033" />
                          </labels>
                          <rows>
                            <row>
                              <cell id="{70af4f7d-7e14-4c3d-ac8e-2db5442518ab}" showlabel="true" locklevel="0">
                                <labels>
                                  <label description="" languagecode="1033" />
                                </labels>
                                <control id="crc57_name" classid="{4273EDBD-AC1D-40d3-9FB2-095C621B552D}" datafieldname="crc57_name" disabled="false" />
                              </cell>
                            </row>
                          </rows>
                        </section>
                        <section name="CardFooter" showlabel="false" columns="1111" showbar="false" id="{7836a97b-d9e2-49bd-b6a6-caba605f960f}" IsUserDefined="0">
                          <labels>
                            <label description="Footer" languagecode="1033" />
                          </labels>
                          <rows>
                            <row>
                              <cell id="{afc595da-57c4-46e6-bc31-c116b7ab8f92}" showlabel="true" locklevel="0">
                                <labels>
                                  <label description="" languagecode="1033" />
                                </labels>
                                <control id="ownerid" classid="{270BD3DB-D9AF-4782-9025-509E298DEC0A}" datafieldname="ownerid" disabled="false" />
                              </cell>
                              <cell id="{0061b1f9-7450-4490-8e04-da869a03b4f5}" showlabel="true" locklevel="0">
                                <labels>
                                  <label description="" languagecode="1033" />
                                </labels>
                                <control id="createdon" classid="{270BD3DB-D9AF-4782-9025-509E298DEC0A}" datafieldname="createdon" disabled="false" />
                              </cell>
                              <cell id="{00bd915b-a7b2-4583-9c53-4d09fc6f35d0}" showlabel="true" locklevel="0">
                                <labels>
                                  <label description="" languagecode="1033" />
                                </labels>
                              </cell>
                              <cell id="{0bb7f7eb-04ed-4183-a412-f955fc905490}" showlabel="true" locklevel="0">
                                <labels>
                                  <label description="" languagecode="1033" />
                                </labels>
                              </cell>
                            </row>
                          </rows>
                        </section>
                      </sections>
                    </column>
                  </columns>
                </tab>
              </tabs>
            </form>
            <IsCustomizable>1</IsCustomizable>
            <CanBeDeleted>1</CanBeDeleted>
            <LocalizedNames>
              <LocalizedName description="Information" languagecode="1033" />
            </LocalizedNames>
            <Descriptions>
              <Description description="A card form for this entity." languagecode="1033" />
            </Descriptions>
          </systemform>
        </forms>
        <forms type="main">
          <systemform>
            <formid>{309640fd-ce63-4574-926d-b9755ae8b9df}</formid>
            <IntroducedVersion>1.0</IntroducedVersion>
            <FormPresentation>1</FormPresentation>
            <FormActivationState>1</FormActivationState>
            <form>
              <tabs>
                <tab verticallayout="true" id="{57b5a799-9cf0-45a3-90f5-64d26ea12454}" IsUserDefined="1">
                  <labels>
                    <label description="General" languagecode="1033" />
                  </labels>
                  <columns>
                    <column width="100%">
                      <sections>
                        <section showlabel="false" showbar="false" IsUserDefined="0" id="{6f2143c4-0698-471a-8d43-06a8b5bbffb5}">
                          <labels>
                            <label description="General" languagecode="1033" />
                          </labels>
                          <rows>
                            <row>
                              <cell id="{a61f3d72-efaf-4aa9-9897-d344390eb936}">
                                <labels>
                                  <label description="" languagecode="1033" />
                                </labels>
                                <control id="crc57_name" classid="{4273EDBD-AC1D-40d3-9FB2-095C621B552D}" datafieldname="crc57_name" />
                              </cell>
                            </row>
                            <row>
                              <cell id="{553da07a-988c-4311-9974-884717fbac0d}">
                                <labels>
                                  <label description="" languagecode="1033" />
                                </labels>
                                <control id="ownerid" classid="{270BD3DB-D9AF-4782-9025-509E298DEC0A}" datafieldname="ownerid" />
                              </cell>
                            </row>
                          </rows>
                        </section>
                      </sections>
                    </column>
                  </columns>
                </tab>
              </tabs>
            </form>
            <IsCustomizable>1</IsCustomizable>
            <CanBeDeleted>1</CanBeDeleted>
            <LocalizedNames>
              <LocalizedName description="Information" languagecode="1033" />
            </LocalizedNames>
            <Descriptions>
              <Description description="A form for this entity." languagecode="1033" />
            </Descriptions>
          </systemform>
        </forms>
        <forms type="quick">
          <systemform>
            <formid>{7db349f9-1d8d-4fef-bd47-90d6820c5641}</formid>
            <IntroducedVersion>1.0</IntroducedVersion>
            <FormPresentation>1</FormPresentation>
            <FormActivationState>1</FormActivationState>
            <form>
              <tabs>
                <tab verticallayout="true" id="{380eaec2-ada5-4329-84c7-691110019275}" IsUserDefined="1">
                  <labels>
                    <label description="" languagecode="1033" />
                  </labels>
                  <columns>
                    <column width="100%">
                      <sections>
                        <section showlabel="false" showbar="false" IsUserDefined="0" id="{00fa1168-2f06-4165-bd4a-0ddf141af6ea}">
                          <labels>
                            <label description="GENERAL" languagecode="1033" />
                          </labels>
                          <rows>
                            <row>
                              <cell id="{e8fc63b3-3aea-408e-9538-507902a65243}">
                                <labels>
                                  <label description="" languagecode="1033" />
                                </labels>
                                <control id="crc57_name" classid="{4273EDBD-AC1D-40d3-9FB2-095C621B552D}" datafieldname="crc57_name" />
                              </cell>
                            </row>
                            <row>
                              <cell id="{9cf28b72-fbb4-4b7a-ae64-3c71b9f88069}">
                                <labels>
                                  <label description="" languagecode="1033" />
                                </labels>
                                <control id="ownerid" classid="{270BD3DB-D9AF-4782-9025-509E298DEC0A}" datafieldname="ownerid" />
                              </cell>
                            </row>
                          </rows>
                        </section>
                      </sections>
                    </column>
                  </columns>
                </tab>
              </tabs>
            </form>
            <IsCustomizable>1</IsCustomizable>
            <CanBeDeleted>1</CanBeDeleted>
            <LocalizedNames>
              <LocalizedName description="Information" languagecode="1033" />
            </LocalizedNames>
          </systemform>
        </forms>
      </FormXml>
      <SavedQueries>
        <savedqueries>
          <savedquery>
            <IsCustomizable>1</IsCustomizable>
            <CanBeDeleted>0</CanBeDeleted>
            <isquickfindquery>0</isquickfindquery>
            <isprivate>0</isprivate>
            <isdefault>1</isdefault>
            <savedqueryid>{b0a56c8a-4d68-42ed-8f27-27ddcd487340}</savedqueryid>
            <layoutxml>
              <grid name="resultset" jump="crc57_name" select="1" icon="1" preview="1">
                <row name="result" id="crc57_testtableid">
                  <cell name="crc57_name" width="300" />
                  <cell name="createdon" width="125" />
                </row>
              </grid>
            </layoutxml>
            <querytype>0</querytype>
            <fetchxml>
              <fetch version="1.0" mapping="logical">
                <entity name="crc57_testtable">
                  <attribute name="crc57_testtableid" />
                  <attribute name="crc57_name" />
                  <attribute name="createdon" />
                  <order attribute="crc57_name" descending="false" />
                  <filter type="and">
                    <condition attribute="statecode" operator="eq" value="0" />
                  </filter>
                </entity>
              </fetch>
            </fetchxml>
            <IntroducedVersion>1.0</IntroducedVersion>
            <LocalizedNames>
              <LocalizedName description="Active Test Tables" languagecode="1033" />
            </LocalizedNames>
          </savedquery>
          <savedquery>
            <IsCustomizable>1</IsCustomizable>
            <CanBeDeleted>0</CanBeDeleted>
            <isquickfindquery>0</isquickfindquery>
            <isprivate>0</isprivate>
            <isdefault>0</isdefault>
            <savedqueryid>{e9b9fd83-389d-4c8d-8aa0-0321039d0a1a}</savedqueryid>
            <layoutxml>
              <grid name="resultset" jump="crc57_name" select="1" icon="1" preview="1">
                <row name="result" id="crc57_testtableid">
                  <cell name="crc57_name" width="300" />
                  <cell name="createdon" width="125" />
                </row>
              </grid>
            </layoutxml>
            <querytype>0</querytype>
            <fetchxml>
              <fetch version="1.0" mapping="logical">
                <entity name="crc57_testtable">
                  <attribute name="crc57_testtableid" />
                  <attribute name="crc57_name" />
                  <attribute name="createdon" />
                  <order attribute="crc57_name" descending="false" />
                  <filter type="and">
                    <condition attribute="statecode" operator="eq" value="1" />
                  </filter>
                </entity>
              </fetch>
            </fetchxml>
            <IntroducedVersion>1.0</IntroducedVersion>
            <LocalizedNames>
              <LocalizedName description="Inactive Test Tables" languagecode="1033" />
            </LocalizedNames>
          </savedquery>
          <savedquery>
            <IsCustomizable>1</IsCustomizable>
            <CanBeDeleted>1</CanBeDeleted>
            <isquickfindquery>0</isquickfindquery>
            <isprivate>0</isprivate>
            <isdefault>1</isdefault>
            <savedqueryid>{6c7d852f-1c92-f011-b4cc-000d3a301587}</savedqueryid>
            <querytype>8192</querytype>
            <fetchxml>
              <fetch version="1.0" mapping="logical" output-format="xml-platform">
                <entity name="crc57_testtable">
                  <attribute name="crc57_testtableid" />
                  <filter type="and">
                    <condition attribute="statecode" operator="eq" value="0" />
                    <condition attribute="ownerid" operator="eq-userid" />
                  </filter>
                </entity>
              </fetch>
            </fetchxml>
            <IntroducedVersion>1.0</IntroducedVersion>
            <LocalizedNames>
              <LocalizedName description="My Test Tables" languagecode="1033" />
            </LocalizedNames>
            <Descriptions>
              <Description description="Active Test Tables owned by me" languagecode="1033" />
            </Descriptions>
          </savedquery>
          <savedquery>
            <IsCustomizable>1</IsCustomizable>
            <CanBeDeleted>0</CanBeDeleted>
            <isquickfindquery>1</isquickfindquery>
            <isprivate>0</isprivate>
            <isdefault>1</isdefault>
            <savedqueryid>{a0498adf-72a4-4826-8478-1a1d53a27ad4}</savedqueryid>
            <layoutxml>
              <grid name="resultset" jump="crc57_name" select="1" icon="1" preview="1">
                <row name="result" id="crc57_testtableid">
                  <cell name="crc57_name" width="300" />
                  <cell name="createdon" width="125" />
                </row>
              </grid>
            </layoutxml>
            <querytype>4</querytype>
            <fetchxml>
              <fetch version="1.0" mapping="logical">
                <entity name="crc57_testtable">
                  <attribute name="crc57_testtableid" />
                  <attribute name="crc57_name" />
                  <attribute name="createdon" />
                  <order attribute="crc57_name" descending="false" />
                  <filter type="and">
                    <condition attribute="statecode" operator="eq" value="0" />
                  </filter>
                  <filter type="or" isquickfindfields="1">
                    <condition attribute="crc57_name" operator="like" value="{0}" />
                  </filter>
                </entity>
              </fetch>
            </fetchxml>
            <IntroducedVersion>1.0</IntroducedVersion>
            <LocalizedNames>
              <LocalizedName description="Quick Find Active Test Tables" languagecode="1033" />
            </LocalizedNames>
          </savedquery>
          <savedquery>
            <IsCustomizable>1</IsCustomizable>
            <CanBeDeleted>0</CanBeDeleted>
            <isquickfindquery>0</isquickfindquery>
            <isprivate>0</isprivate>
            <isdefault>1</isdefault>
            <savedqueryid>{729ac000-886a-4295-babe-0b44b6d040e9}</savedqueryid>
            <layoutxml>
              <grid name="resultset" jump="crc57_name" select="1" icon="1" preview="1">
                <row name="result" id="crc57_testtableid">
                  <cell name="crc57_name" width="300" />
                  <cell name="createdon" width="125" />
                </row>
              </grid>
            </layoutxml>
            <querytype>1</querytype>
            <fetchxml>
              <fetch version="1.0" mapping="logical">
                <entity name="crc57_testtable">
                  <attribute name="crc57_testtableid" />
                  <attribute name="crc57_name" />
                  <attribute name="createdon" />
                  <order attribute="crc57_name" descending="false" />
                </entity>
              </fetch>
            </fetchxml>
            <IntroducedVersion>1.0</IntroducedVersion>
            <LocalizedNames>
              <LocalizedName description="Test Table Advanced Find View" languagecode="1033" />
            </LocalizedNames>
          </savedquery>
          <savedquery>
            <IsCustomizable>1</IsCustomizable>
            <CanBeDeleted>0</CanBeDeleted>
            <isquickfindquery>0</isquickfindquery>
            <isprivate>0</isprivate>
            <isdefault>1</isdefault>
            <savedqueryid>{0a35fa08-5ae8-40ee-bfa9-ffb035df56e1}</savedqueryid>
            <layoutxml>
              <grid name="crc57_testtables" jump="crc57_name" select="1" icon="1" preview="1">
                <row name="crc57_testtable" id="crc57_testtableid">
                  <cell name="crc57_name" width="300" />
                  <cell name="createdon" width="125" />
                </row>
              </grid>
            </layoutxml>
            <querytype>2</querytype>
            <fetchxml>
              <fetch version="1.0" mapping="logical">
                <entity name="crc57_testtable">
                  <attribute name="crc57_testtableid" />
                  <attribute name="crc57_name" />
                  <attribute name="createdon" />
                  <order attribute="crc57_name" descending="false" />
                  <filter type="and">
                    <condition attribute="statecode" operator="eq" value="0" />
                  </filter>
                </entity>
              </fetch>
            </fetchxml>
            <IntroducedVersion>1.0</IntroducedVersion>
            <LocalizedNames>
              <LocalizedName description="Test Table Associated View" languagecode="1033" />
            </LocalizedNames>
          </savedquery>
          <savedquery>
            <IsCustomizable>1</IsCustomizable>
            <CanBeDeleted>0</CanBeDeleted>
            <isquickfindquery>0</isquickfindquery>
            <isprivate>0</isprivate>
            <isdefault>1</isdefault>
            <savedqueryid>{045621d8-1fb5-4c87-80e0-d9aab599499d}</savedqueryid>
            <layoutxml>
              <grid name="crc57_testtables" jump="crc57_name" select="1" icon="1" preview="0">
                <row name="crc57_testtable" id="crc57_testtableid">
                  <cell name="crc57_name" width="300" />
                  <cell name="createdon" width="125" />
                </row>
              </grid>
            </layoutxml>
            <querytype>64</querytype>
            <fetchxml>
              <fetch version="1.0" mapping="logical">
                <entity name="crc57_testtable">
                  <attribute name="crc57_testtableid" />
                  <attribute name="crc57_name" />
                  <attribute name="createdon" />
                  <filter type="and">
                    <condition attribute="statecode" operator="eq" value="0" />
                  </filter>
                </entity>
              </fetch>
            </fetchxml>
            <IntroducedVersion>1.0</IntroducedVersion>
            <LocalizedNames>
              <LocalizedName description="Test Table Lookup View" languagecode="1033" />
            </LocalizedNames>
          </savedquery>
        </savedqueries>
      </SavedQueries>
      <RibbonDiffXml>
        <CustomActions />
        <Templates>
          <RibbonTemplates Id="Mscrm.Templates"></RibbonTemplates>
        </Templates>
        <CommandDefinitions />
        <RuleDefinitions>
          <TabDisplayRules />
          <DisplayRules />
          <EnableRules />
        </RuleDefinitions>
        <LocLabels />
      </RibbonDiffXml>
    </Entity>
  </Entities>
  <Roles></Roles>
  <Workflows></Workflows>
  <FieldSecurityProfiles></FieldSecurityProfiles>
  <Templates />
  <EntityMaps />
  <EntityRelationships>
    <EntityRelationship Name="business_unit_crc57_testtable">
      <EntityRelationshipType>OneToMany</EntityRelationshipType>
      <IsCustomizable>1</IsCustomizable>
      <IntroducedVersion>1.0</IntroducedVersion>
      <IsHierarchical>0</IsHierarchical>
      <ReferencingEntityName>crc57_TestTable</ReferencingEntityName>
      <ReferencedEntityName>BusinessUnit</ReferencedEntityName>
      <CascadeAssign>NoCascade</CascadeAssign>
      <CascadeDelete>Restrict</CascadeDelete>
      <CascadeArchive>Restrict</CascadeArchive>
      <CascadeReparent>NoCascade</CascadeReparent>
      <CascadeShare>NoCascade</CascadeShare>
      <CascadeUnshare>NoCascade</CascadeUnshare>
      <ReferencingAttributeName>OwningBusinessUnit</ReferencingAttributeName>
      <RelationshipDescription>
        <Descriptions>
          <Description description="Unique identifier for the business unit that owns the record" languagecode="1033" />
        </Descriptions>
      </RelationshipDescription>
    </EntityRelationship>
    <EntityRelationship Name="lk_crc57_testtable_createdby">
      <EntityRelationshipType>OneToMany</EntityRelationshipType>
      <IsCustomizable>1</IsCustomizable>
      <IntroducedVersion>1.0</IntroducedVersion>
      <IsHierarchical>0</IsHierarchical>
      <ReferencingEntityName>crc57_TestTable</ReferencingEntityName>
      <ReferencedEntityName>SystemUser</ReferencedEntityName>
      <CascadeAssign>NoCascade</CascadeAssign>
      <CascadeDelete>NoCascade</CascadeDelete>
      <CascadeArchive>NoCascade</CascadeArchive>
      <CascadeReparent>NoCascade</CascadeReparent>
      <CascadeShare>NoCascade</CascadeShare>
      <CascadeUnshare>NoCascade</CascadeUnshare>
      <ReferencingAttributeName>CreatedBy</ReferencingAttributeName>
      <RelationshipDescription>
        <Descriptions>
          <Description description="Unique identifier of the user who created the record." languagecode="1033" />
        </Descriptions>
      </RelationshipDescription>
    </EntityRelationship>
    <EntityRelationship Name="lk_crc57_testtable_modifiedby">
      <EntityRelationshipType>OneToMany</EntityRelationshipType>
      <IsCustomizable>1</IsCustomizable>
      <IntroducedVersion>1.0</IntroducedVersion>
      <IsHierarchical>0</IsHierarchical>
      <ReferencingEntityName>crc57_TestTable</ReferencingEntityName>
      <ReferencedEntityName>SystemUser</ReferencedEntityName>
      <CascadeAssign>NoCascade</CascadeAssign>
      <CascadeDelete>NoCascade</CascadeDelete>
      <CascadeArchive>NoCascade</CascadeArchive>
      <CascadeReparent>NoCascade</CascadeReparent>
      <CascadeShare>NoCascade</CascadeShare>
      <CascadeUnshare>NoCascade</CascadeUnshare>
      <ReferencingAttributeName>ModifiedBy</ReferencingAttributeName>
      <RelationshipDescription>
        <Descriptions>
          <Description description="Unique identifier of the user who modified the record." languagecode="1033" />
        </Descriptions>
      </RelationshipDescription>
    </EntityRelationship>
    <EntityRelationship Name="owner_crc57_testtable">
      <EntityRelationshipType>OneToMany</EntityRelationshipType>
      <IsCustomizable>1</IsCustomizable>
      <IntroducedVersion>1.0</IntroducedVersion>
      <IsHierarchical>0</IsHierarchical>
      <ReferencingEntityName>crc57_TestTable</ReferencingEntityName>
      <ReferencedEntityName>Owner</ReferencedEntityName>
      <CascadeAssign>NoCascade</CascadeAssign>
      <CascadeDelete>NoCascade</CascadeDelete>
      <CascadeArchive>NoCascade</CascadeArchive>
      <CascadeReparent>NoCascade</CascadeReparent>
      <CascadeShare>NoCascade</CascadeShare>
      <CascadeUnshare>NoCascade</CascadeUnshare>
      <ReferencingAttributeName>OwnerId</ReferencingAttributeName>
      <RelationshipDescription>
        <Descriptions>
          <Description description="Owner Id" languagecode="1033" />
        </Descriptions>
      </RelationshipDescription>
    </EntityRelationship>
    <EntityRelationship Name="team_crc57_testtable">
      <EntityRelationshipType>OneToMany</EntityRelationshipType>
      <IsCustomizable>1</IsCustomizable>
      <IntroducedVersion>1.0</IntroducedVersion>
      <IsHierarchical>0</IsHierarchical>
      <ReferencingEntityName>crc57_TestTable</ReferencingEntityName>
      <ReferencedEntityName>Team</ReferencedEntityName>
      <CascadeAssign>NoCascade</CascadeAssign>
      <CascadeDelete>NoCascade</CascadeDelete>
      <CascadeArchive>NoCascade</CascadeArchive>
      <CascadeReparent>NoCascade</CascadeReparent>
      <CascadeShare>NoCascade</CascadeShare>
      <CascadeUnshare>NoCascade</CascadeUnshare>
      <ReferencingAttributeName>OwningTeam</ReferencingAttributeName>
      <RelationshipDescription>
        <Descriptions>
          <Description description="Unique identifier for the team that owns the record." languagecode="1033" />
        </Descriptions>
      </RelationshipDescription>
    </EntityRelationship>
    <EntityRelationship Name="user_crc57_testtable">
      <EntityRelationshipType>OneToMany</EntityRelationshipType>
      <IsCustomizable>1</IsCustomizable>
      <IntroducedVersion>1.0</IntroducedVersion>
      <IsHierarchical>0</IsHierarchical>
      <ReferencingEntityName>crc57_TestTable</ReferencingEntityName>
      <ReferencedEntityName>SystemUser</ReferencedEntityName>
      <CascadeAssign>NoCascade</CascadeAssign>
      <CascadeDelete>NoCascade</CascadeDelete>
      <CascadeArchive>NoCascade</CascadeArchive>
      <CascadeReparent>NoCascade</CascadeReparent>
      <CascadeShare>NoCascade</CascadeShare>
      <CascadeUnshare>NoCascade</CascadeUnshare>
      <ReferencingAttributeName>OwningUser</ReferencingAttributeName>
      <RelationshipDescription>
        <Descriptions>
          <Description description="Unique identifier for the user that owns the record." languagecode="1033" />
        </Descriptions>
      </RelationshipDescription>
    </EntityRelationship>
  </EntityRelationships>
  <OrganizationSettings />
  <optionsets />
  <CustomControls />
  <EntityDataProviders />
  <Languages>
    <Language>1033</Language>
  </Languages>
</ImportExportXml>